{
    "name": "NGC3379",
    "nstep": 10000,
    "labels": [
        "$q_{\\rm min}$",
        "$\\sigma_z/\\sigma_R$",
        "$\\lg M_{\\rm BH}$",
        "$\\lg(M/L)_{\\rm tot}$",
        "$f_{\\rm DM}$",
        "$\\lg r_b$",
        "PSFscale"
    ],
    "p0": [
        0.75,
        1.0,
        8.6,
        0.5,
        0.5,
        3,
        1
    ],
    "idfit": [
        1,
        2,
        3,
        6
    ],
    "sigpar": [
        0.1,
        0.005,
        0.01,
        0.005,
        0.05,
        0.1,
        0.1
    ],
    "bounds": [
        [
            0.5,
            0.5,
            6.6,
            -0.5,
            0,
            -1,
            0
        ],
        [
            0.85,
            1.5,
            10.6,
            0.7,
            1,
            7,
            1
        ]
    ],
    "sigmapsf": [
        0.39915074309978765,
        1.830148619957537
    ],
    "normpsf": [
        0.84,
        0.16
    ],
    "distance": 10.280162981264723,
    "pixsize": 1
}